{"cameraMode":{"drawMode":0,"name":"Shaded","section":"Shading Mode"},"sceneLighting":true,"audioPlay":false,"sceneViewState":{"showFog":true,"showMaterialUpdate":false,"showSkybox":true,"showFlares":true,"showImageEffects":true,"showParticleSystems":true},"in2DMode":false,"pivot":{"x":0.6368099451065064,"y":5.697000026702881,"z":-0.4007371664047241},"rotation":{"x":-0.053949516266584399,"y":0.9457427859306336,"z":-0.21378152072429658,"w":-0.23866795003414155},"size":5.239284038543701,"orthographic":false}