{"cameraMode":{"drawMode":0,"name":"Shaded","section":"Shading Mode"},"sceneLighting":false,"audioPlay":false,"sceneViewState":{"showFog":true,"showMaterialUpdate":false,"showSkybox":false,"showFlares":true,"showImageEffects":true,"showParticleSystems":true},"in2DMode":false,"pivot":{"x":5.960464477539063e-8,"y":0.0,"z":0.9999998807907105},"rotation":{"x":0.1982654184103012,"y":0.3251090347766876,"z":-0.06991025060415268,"w":0.9220151901245117},"size":1.2247449159622193,"orthographic":false}