{"cameraMode":{"drawMode":0,"name":"Shaded","section":"Shading Mode"},"sceneLighting":true,"audioPlay":false,"sceneViewState":{"showFog":true,"showMaterialUpdate":false,"showSkybox":true,"showFlares":true,"showImageEffects":true,"showParticleSystems":true},"in2DMode":false,"pivot":{"x":-38.53186798095703,"y":2.6649999618530275,"z":245.89657592773438},"rotation":{"x":0.12862533330917359,"y":0.6152217388153076,"z":-0.10264129191637039,"w":0.7709971070289612},"size":22.69261932373047,"orthographic":false}