{"cameraMode":{"drawMode":0,"name":"Shaded","section":"Shading Mode"},"sceneLighting":false,"audioPlay":false,"sceneViewState":{"showFog":true,"showMaterialUpdate":false,"showSkybox":false,"showFlares":true,"showImageEffects":true,"showParticleSystems":true},"in2DMode":false,"pivot":{"x":5.960464477539063e-8,"y":0.0,"z":0.9999998807907105},"rotation":{"x":0.1869192123413086,"y":0.40971991419792178,"z":-0.08617738634347916,"w":0.888689398765564},"size":1.2247450351715088,"orthographic":false}