{"cameraMode":{"drawMode":0,"name":"Shaded","section":"Shading Mode"},"sceneLighting":true,"audioPlay":false,"sceneViewState":{"showFog":true,"showMaterialUpdate":false,"showSkybox":true,"showFlares":true,"showImageEffects":true,"showParticleSystems":true},"in2DMode":false,"pivot":{"x":-43.740230560302737,"y":5.40998649597168,"z":-8.81644058227539},"rotation":{"x":0.09966950118541718,"y":0.6677660346031189,"z":-0.09090512245893479,"w":0.7320659160614014},"size":42.83826446533203,"orthographic":false}