{"cameraMode":{"drawMode":0,"name":"Shaded","section":"Shading Mode"},"sceneLighting":false,"audioPlay":false,"sceneViewState":{"showFog":true,"showMaterialUpdate":false,"showSkybox":false,"showFlares":true,"showImageEffects":true,"showParticleSystems":true},"in2DMode":false,"pivot":{"x":1.1920928955078126e-7,"y":1.7881393432617188e-7,"z":0.6399999260902405},"rotation":{"x":0.47693684697151186,"y":-0.3772047162055969,"z":0.2374870628118515,"w":0.7575269341468811},"size":2.449490547180176,"orthographic":false}