{"cameraMode":{"drawMode":0,"name":"Shaded","section":"Shading Mode"},"sceneLighting":true,"audioPlay":false,"sceneViewState":{"showFog":true,"showMaterialUpdate":false,"showSkybox":true,"showFlares":true,"showImageEffects":true,"showParticleSystems":true},"in2DMode":false,"pivot":{"x":-1.6435116529464722,"y":22.09796142578125,"z":-14.076929092407227},"rotation":{"x":-0.2081201821565628,"y":0.0767880231142044,"z":-0.01638975739479065,"w":-0.9749557971954346},"size":4.557873725891113,"orthographic":false}