{"cameraMode":{"drawMode":0,"name":"Shaded","section":"Shading Mode"},"sceneLighting":true,"audioPlay":false,"sceneViewState":{"showFog":true,"showMaterialUpdate":false,"showSkybox":true,"showFlares":true,"showImageEffects":true,"showParticleSystems":true},"in2DMode":false,"pivot":{"x":7.531742095947266,"y":6.884033203125,"z":-0.41240501403808596},"rotation":{"x":-0.121689073741436,"y":0.7491523027420044,"z":-0.14354100823402406,"w":-0.6351107358932495},"size":12.170858383178711,"orthographic":false}