{"cameraMode":{"drawMode":0,"name":"Shaded","section":"Shading Mode"},"sceneLighting":true,"audioPlay":false,"sceneViewState":{"showFog":true,"showMaterialUpdate":false,"showSkybox":true,"showFlares":true,"showImageEffects":true,"showParticleSystems":true},"in2DMode":false,"pivot":{"x":-30.46661376953125,"y":8.65967082977295,"z":75.19313049316406},"rotation":{"x":0.2950763702392578,"y":-0.20459650456905366,"z":0.06484279036521912,"w":0.9310684204101563},"size":51.446414947509769,"orthographic":false}