{"cameraMode":{"drawMode":0,"name":"Shaded","section":"Shading Mode"},"sceneLighting":true,"audioPlay":false,"sceneViewState":{"showFog":true,"showMaterialUpdate":false,"showSkybox":true,"showFlares":true,"showImageEffects":true,"showParticleSystems":true},"in2DMode":false,"pivot":{"x":-61.74440002441406,"y":299.2762756347656,"z":416.07373046875},"rotation":{"x":-0.09474240988492966,"y":0.9009957909584045,"z":-0.24965839087963105,"w":-0.3419176936149597},"size":98.47393798828125,"orthographic":false}