{"cameraMode":{"drawMode":0,"name":"Shaded","section":"Shading Mode"},"sceneLighting":true,"audioPlay":false,"sceneViewState":{"showFog":true,"showMaterialUpdate":false,"showSkybox":true,"showFlares":true,"showImageEffects":true,"showParticleSystems":true},"in2DMode":false,"pivot":{"x":-2.1745684146881105,"y":-0.7071177959442139,"z":2.8682613372802736},"rotation":{"x":-0.13922779262065888,"y":0.04069817066192627,"z":-0.005725679453462362,"w":-0.9894229769706726},"size":12.916534423828125,"orthographic":false}