{"cameraMode":{"drawMode":0,"name":"Shaded","section":"Shading Mode"},"sceneLighting":true,"audioPlay":false,"sceneViewState":{"showFog":true,"showMaterialUpdate":false,"showSkybox":true,"showFlares":true,"showImageEffects":true,"showParticleSystems":true},"in2DMode":false,"pivot":{"x":-8.757637023925782,"y":1.9999995231628419,"z":122.03931427001953},"rotation":{"x":-0.24804571270942689,"y":-0.03283578157424927,"z":0.00841266568750143,"w":-0.9681554436683655},"size":6.606528282165527,"orthographic":false}