{"cameraMode":{"drawMode":0,"name":"Shaded","section":"Shading Mode"},"sceneLighting":false,"audioPlay":false,"sceneViewState":{"showFog":true,"showMaterialUpdate":false,"showSkybox":false,"showFlares":true,"showImageEffects":true,"showParticleSystems":true},"in2DMode":false,"pivot":{"x":2.803617000579834,"y":1.7385599613189698,"z":5.603389739990234},"rotation":{"x":0.023745181038975717,"y":-0.5903600454330444,"z":0.017346477136015893,"w":0.8066286444664002},"size":32.82090759277344,"orthographic":false}