{"cameraMode":{"drawMode":0,"name":"Shaded","section":"Shading Mode"},"sceneLighting":false,"audioPlay":false,"sceneViewState":{"showFog":true,"showMaterialUpdate":false,"showSkybox":false,"showFlares":true,"showImageEffects":true,"showParticleSystems":true},"in2DMode":false,"pivot":{"x":5.960464477539063e-8,"y":0.0,"z":0.9999997615814209},"rotation":{"x":-0.24773679673671723,"y":0.11937981098890305,"z":-0.03077646531164646,"w":-0.9609518647193909},"size":2.8089144229888918,"orthographic":false}