{"cameraMode":{"drawMode":0,"name":"Shaded","section":"Shading Mode"},"sceneLighting":true,"audioPlay":false,"sceneViewState":{"showFog":true,"showMaterialUpdate":false,"showSkybox":true,"showFlares":true,"showImageEffects":true,"showParticleSystems":true},"in2DMode":false,"pivot":{"x":0.022159039974212648,"y":11.49927043914795,"z":81.75218200683594},"rotation":{"x":0.06311051547527313,"y":-0.11946160346269608,"z":0.007610194850713015,"w":0.9908155798912048},"size":7.383888244628906,"orthographic":false}