{"cameraMode":{"drawMode":0,"name":"Shaded","section":"Shading Mode"},"sceneLighting":true,"audioPlay":false,"sceneViewState":{"showFog":true,"showMaterialUpdate":false,"showSkybox":true,"showFlares":true,"showImageEffects":true,"showParticleSystems":true},"in2DMode":false,"pivot":{"x":-14.710466384887696,"y":9.413496017456055,"z":24.2565860748291},"rotation":{"x":-0.21645501255989076,"y":-0.21554791927337647,"z":0.049063682556152347,"w":-0.9509358406066895},"size":10.0,"orthographic":false}